Workbook

Sheet Attendance Tracker
A1: Name | B1: Month | C1: Contact | D1: Group/Department | E1: Total days present | F1: Actual days present | G1: Attendance percentage | H1: Attendance requirement met | J1: Group/Department | K1: Avg Attendance %
A2: Maria Chen | B2: 2026-06-01 | C2: =INDEX(List1!$B:$B,MATCH(A2,List1!$A:$A,0)) -> maria.chen@homedepotmail.com | D2: =INDEX(List2!$B:$B,MATCH(A2,List2!$A:$A,0)) -> Front End | E2: =DATE(2026,6,5)-DATE(2026,6,1)+1 -> 5 | F2: =COUNTIFS(List3!$A:$A,A2,List3!$C:$C,"Yes") -> 5 | G2: =ROUND(F2/E2,4) -> 1 | H2: =IF(OR(D2="Front End",D2="Pro Desk",D2="Freight/Receiving"),IF(G2>=0.8,"Met","Not Met"),IF(G2>=0.4,"Met","Not Met")) -> Met | J2: Front End | K2: =ROUND(AVERAGEIFS($G$2:$G$13,$D$2:$D$13,J2),4) -> 0.8
A3: Devon Walker | B3: 2026-06-01 | C3: =INDEX(List1!$B:$B,MATCH(A3,List1!$A:$A,0)) -> devon.walker@homedepotmail.com | D3: =INDEX(List2!$B:$B,MATCH(A3,List2!$A:$A,0)) -> Freight/Receiving | E3: =DATE(2026,6,5)-DATE(2026,6,1)+1 -> 5 | F3: =COUNTIFS(List3!$A:$A,A3,List3!$C:$C,"Yes") -> 4 | G3: =ROUND(F3/E3,4) -> 0.8 | H3: =IF(OR(D3="Front End",D3="Pro Desk",D3="Freight/Receiving"),IF(G3>=0.8,"Met","Not Met"),IF(G3>=0.4,"Met","Not Met")) -> Met | J3: Freight/Receiving | K3: =ROUND(AVERAGEIFS($G$2:$G$13,$D$2:$D$13,J3),4) -> 0.9
A4: Priya Natarajan | B4: 2026-06-01 | C4: =INDEX(List1!$B:$B,MATCH(A4,List1!$A:$A,0)) -> priya.natarajan@homedepotmail.com | D4: =INDEX(List2!$B:$B,MATCH(A4,List2!$A:$A,0)) -> Pro Desk | E4: =DATE(2026,6,5)-DATE(2026,6,1)+1 -> 5 | F4: =COUNTIFS(List3!$A:$A,A4,List3!$C:$C,"Yes") -> 5 | G4: =ROUND(F4/E4,4) -> 1 | H4: =IF(OR(D4="Front End",D4="Pro Desk",D4="Freight/Receiving"),IF(G4>=0.8,"Met","Not Met"),IF(G4>=0.4,"Met","Not Met")) -> Met | J4: Pro Desk | K4: =ROUND(AVERAGEIFS($G$2:$G$13,$D$2:$D$13,J4),4) -> 0.9
A5: Jake Sullivan | B5: 2026-06-01 | C5: =INDEX(List1!$B:$B,MATCH(A5,List1!$A:$A,0)) -> jake.sullivan@homedepotmail.com | D5: =INDEX(List2!$B:$B,MATCH(A5,List2!$A:$A,0)) -> Front End | E5: =DATE(2026,6,5)-DATE(2026,6,1)+1 -> 5 | F5: =COUNTIFS(List3!$A:$A,A5,List3!$C:$C,"Yes") -> 3 | G5: =ROUND(F5/E5,4) -> 0.6 | H5: =IF(OR(D5="Front End",D5="Pro Desk",D5="Freight/Receiving"),IF(G5>=0.8,"Met","Not Met"),IF(G5>=0.4,"Met","Not Met")) -> Not Met | J5: Merchandising | K5: =ROUND(AVERAGEIFS($G$2:$G$13,$D$2:$D$13,J5),4) -> 0.2667
A6: Aisha Thompson | B6: 2026-06-01 | C6: =INDEX(List1!$B:$B,MATCH(A6,List1!$A:$A,0)) -> aisha.thompson@homedepotmail.com | D6: =INDEX(List2!$B:$B,MATCH(A6,List2!$A:$A,0)) -> Merchandising | E6: =DATE(2026,6,5)-DATE(2026,6,1)+1 -> 5 | F6: =COUNTIFS(List3!$A:$A,A6,List3!$C:$C,"Yes") -> 2 | G6: =ROUND(F6/E6,4) -> 0.4 | H6: =IF(OR(D6="Front End",D6="Pro Desk",D6="Freight/Receiving"),IF(G6>=0.8,"Met","Not Met"),IF(G6>=0.4,"Met","Not Met")) -> Met | J6: Customer Service | K6: =ROUND(AVERAGEIFS($G$2:$G$13,$D$2:$D$13,J6),4) -> 0.4
A7: Marcus Lee | B7: 2026-06-01 | C7: =INDEX(List1!$B:$B,MATCH(A7,List1!$A:$A,0)) -> marcus.lee@homedepotmail.com | D7: =INDEX(List2!$B:$B,MATCH(A7,List2!$A:$A,0)) -> Customer Service | E7: =DATE(2026,6,5)-DATE(2026,6,1)+1 -> 5 | F7: =COUNTIFS(List3!$A:$A,A7,List3!$C:$C,"Yes") -> 1 | G7: =ROUND(F7/E7,4) -> 0.2 | H7: =IF(OR(D7="Front End",D7="Pro Desk",D7="Freight/Receiving"),IF(G7>=0.8,"Met","Not Met"),IF(G7>=0.4,"Met","Not Met")) -> Not Met
A8: Grace Kim | B8: 2026-06-01 | C8: =INDEX(List1!$B:$B,MATCH(A8,List1!$A:$A,0)) -> grace.kim@homedepotmail.com | D8: =INDEX(List2!$B:$B,MATCH(A8,List2!$A:$A,0)) -> Pro Desk | E8: =DATE(2026,6,5)-DATE(2026,6,1)+1 -> 5 | F8: =COUNTIFS(List3!$A:$A,A8,List3!$C:$C,"Yes") -> 4 | G8: =ROUND(F8/E8,4) -> 0.8 | H8: =IF(OR(D8="Front End",D8="Pro Desk",D8="Freight/Receiving"),IF(G8>=0.8,"Met","Not Met"),IF(G8>=0.4,"Met","Not Met")) -> Met
A9: Tyler Brooks | B9: 2026-06-01 | C9: =INDEX(List1!$B:$B,MATCH(A9,List1!$A:$A,0)) -> tyler.brooks@homedepotmail.com | D9: =INDEX(List2!$B:$B,MATCH(A9,List2!$A:$A,0)) -> Freight/Receiving | E9: =DATE(2026,6,5)-DATE(2026,6,1)+1 -> 5 | F9: =COUNTIFS(List3!$A:$A,A9,List3!$C:$C,"Yes") -> 5 | G9: =ROUND(F9/E9,4) -> 1 | H9: =IF(OR(D9="Front End",D9="Pro Desk",D9="Freight/Receiving"),IF(G9>=0.8,"Met","Not Met"),IF(G9>=0.4,"Met","Not Met")) -> Met | J9: Highest attendance rate (individual): | K9: =INDEX($A$2:$A$13,MATCH(MAX($G$2:$G$13),$G$2:$G$13,0)) -> Maria Chen
A10: Renee Foster | B10: 2026-06-01 | C10: =INDEX(List1!$B:$B,MATCH(A10,List1!$A:$A,0)) -> renee.foster@homedepotmail.com | D10: =INDEX(List2!$B:$B,MATCH(A10,List2!$A:$A,0)) -> Merchandising | E10: =DATE(2026,6,5)-DATE(2026,6,1)+1 -> 5 | F10: =COUNTIFS(List3!$A:$A,A10,List3!$C:$C,"Yes") -> 1 | G10: =ROUND(F10/E10,4) -> 0.2 | H10: =IF(OR(D10="Front End",D10="Pro Desk",D10="Freight/Receiving"),IF(G10>=0.8,"Met","Not Met"),IF(G10>=0.4,"Met","Not Met")) -> Not Met | J10: # individuals who attended only 1 day: | K10: =COUNTIF($F$2:$F$13,1) -> 3
A11: Omar Haddad | B11: 2026-06-01 | C11: =INDEX(List1!$B:$B,MATCH(A11,List1!$A:$A,0)) -> omar.haddad@homedepotmail.com | D11: =INDEX(List2!$B:$B,MATCH(A11,List2!$A:$A,0)) -> Front End | E11: =DATE(2026,6,5)-DATE(2026,6,1)+1 -> 5 | F11: =COUNTIFS(List3!$A:$A,A11,List3!$C:$C,"Yes") -> 4 | G11: =ROUND(F11/E11,4) -> 0.8 | H11: =IF(OR(D11="Front End",D11="Pro Desk",D11="Freight/Receiving"),IF(G11>=0.8,"Met","Not Met"),IF(G11>=0.4,"Met","Not Met")) -> Met | J11: % of individuals who met requirement: | K11: =ROUND(COUNTIF($H$2:$H$13,"Met")/COUNTA($H$2:$H$13),4) -> 0.6667
A12: Lindsey Park | B12: 2026-06-01 | C12: =INDEX(List1!$B:$B,MATCH(A12,List1!$A:$A,0)) -> lindsey.park@homedepotmail.com | D12: =INDEX(List2!$B:$B,MATCH(A12,List2!$A:$A,0)) -> Merchandising | E12: =DATE(2026,6,5)-DATE(2026,6,1)+1 -> 5 | F12: =COUNTIFS(List3!$A:$A,A12,List3!$C:$C,"Yes") -> 1 | G12: =ROUND(F12/E12,4) -> 0.2 | H12: =IF(OR(D12="Front End",D12="Pro Desk",D12="Freight/Receiving"),IF(G12>=0.8,"Met","Not Met"),IF(G12>=0.4,"Met","Not Met")) -> Not Met
A13: Carlos Rivera | B13: 2026-06-01 | C13: =INDEX(List1!$B:$B,MATCH(A13,List1!$A:$A,0)) -> carlos.rivera@homedepotmail.com | D13: =INDEX(List2!$B:$B,MATCH(A13,List2!$A:$A,0)) -> Customer Service | E13: =DATE(2026,6,5)-DATE(2026,6,1)+1 -> 5 | F13: =COUNTIFS(List3!$A:$A,A13,List3!$C:$C,"Yes") -> 3 | G13: =ROUND(F13/E13,4) -> 0.6 | H13: =IF(OR(D13="Front End",D13="Pro Desk",D13="Freight/Receiving"),IF(G13>=0.8,"Met","Not Met"),IF(G13>=0.4,"Met","Not Met")) -> Met

Sheet List1
A1: Name | B1: Contact
A2: Maria Chen | B2: maria.chen@homedepotmail.com
A3: Devon Walker | B3: devon.walker@homedepotmail.com
A4: Priya Natarajan | B4: priya.natarajan@homedepotmail.com
A5: Jake Sullivan | B5: jake.sullivan@homedepotmail.com
A6: Aisha Thompson | B6: aisha.thompson@homedepotmail.com
A7: Marcus Lee | B7: marcus.lee@homedepotmail.com
A8: Grace Kim | B8: grace.kim@homedepotmail.com
A9: Tyler Brooks | B9: tyler.brooks@homedepotmail.com
A10: Renee Foster | B10: renee.foster@homedepotmail.com
A11: Omar Haddad | B11: omar.haddad@homedepotmail.com
A12: Lindsey Park | B12: lindsey.park@homedepotmail.com
... A15: Jake Sullivan | B15: jake.sullivan@homedepotmail.com
A17: Note: rows 13-14 are intentional duplicates of rows 2 and 4, included so the duplicate-highlight step (via Copilot or COUNTIF) has something real to catch. Delete the duplicate rows before pasting names into the Attendance Tracker sheet.

Sheet List2
A1: Name | B1: Group/Department
A2: Maria Chen | B2: Front End
A3: Devon Walker | B3: Freight/Receiving
A4: Priya Natarajan | B4: Pro Desk
A5: Jake Sullivan | B5: Front End
A6: Aisha Thompson | B6: Merchandising
A7: Marcus Lee | B7: Customer Service
A8: Grace Kim | B8: Pro Desk
A9: Tyler Brooks | B9: Freight/Receiving
A10: Renee Foster | B10: Merchandising
A11: Omar Haddad | B11: Front End
A12: Lindsey Park | B12: Merchandising
A13: Carlos Rivera | B13: Customer Service
A15: Attendance Requirement Legend
A16: Group/Department | B16: Minimum Attendance Required
A17: Front End | B17: >= 80%
A18: Pro Desk | B18: >= 80%
A19: Freight/Receiving | B19: >= 80%
A20: Merchandising | B20: >= 40%
A21: Customer Service | B21: >= 40%

Sheet List3
A1: Name | B1: Date | C1: Attended | D1: Attendance status | F1: Day | G1: # Present
A2: Maria Chen | B2: 2026-06-01 | C2: Yes | D2: =IF(C2="Yes","Present","Absent") -> Present | F2: 2026-06-01 | G2: =COUNTIFS($B$2:$B$61,F2,$C$2:$C$61,"Yes") -> 10
A3: Maria Chen | B3: 2026-06-02 | C3: Yes | D3: =IF(C3="Yes","Present","Absent") -> Present | F3: 2026-06-02 | G3: =COUNTIFS($B$2:$B$61,F3,$C$2:$C$61,"Yes") -> 8
A4: Maria Chen | B4: 2026-06-03 | C4: Yes | D4: =IF(C4="Yes","Present","Absent") -> Present | F4: 2026-06-03 | G4: =COUNTIFS($B$2:$B$61,F4,$C$2:$C$61,"Yes") -> 8
A5: Maria Chen | B5: 2026-06-04 | C5: Yes | D5: =IF(C5="Yes","Present","Absent") -> Present | F5: 2026-06-04 | G5: =COUNTIFS($B$2:$B$61,F5,$C$2:$C$61,"Yes") -> 6
A6: Maria Chen | B6: 2026-06-05 | C6: Yes | D6: =IF(C6="Yes","Present","Absent") -> Present | F6: 2026-06-05 | G6: =COUNTIFS($B$2:$B$61,F6,$C$2:$C$61,"Yes") -> 6
A7: Devon Walker | B7: 2026-06-01 | C7: Yes | D7: =IF(C7="Yes","Present","Absent") -> Present
A8: Devon Walker | B8: 2026-06-02 | C8: Yes | D8: =IF(C8="Yes","Present","Absent") -> Present
A9: Devon Walker | B9: 2026-06-03 | C9: Yes | D9: =IF(C9="Yes","Present","Absent") -> Present
A10: Devon Walker | B10: 2026-06-04 | C10: Yes | D10: =IF(C10="Yes","Present","Absent") -> Present
A11: Devon Walker | B11: 2026-06-05 | C11: No | D11: =IF(C11="Yes","Present","Absent") -> Absent
A12: Priya Natarajan | B12: 2026-06-01 | C12: Yes | D12: =IF(C12="Yes","Present","Absent") -> Present
A13: Priya Natarajan | B13: 2026-06-02 | C13: Yes | D13: =IF(C13="Yes","Present","Absent") -> Present
A14: Priya Natarajan | B14: 2026-06-03 | C14: Yes | D14: =IF(C14="Yes","Present","Absent") -> Present
A15: Priya Natarajan | B15: 2026-06-04 | C15: Yes | D15: =IF(C15="Yes","Present","Absent") -> Present
A16: Priya Natarajan | B16: 2026-06-05 | C16: Yes | D16: =IF(C16="Yes","Present","Absent") -> Present
A17: Jake Sullivan | B17: 2026-06-01 | C17: Yes | D17: =IF(C17="Yes","Present","Absent") -> Present
A18: Jake Sullivan | B18: 2026-06-02 | C18: No | D18: =IF(C18="Yes","Present","Absent") -> Absent
... A61: Carlos Rivera | B61: 2026-06-05 | C61: Yes | D61: =IF(C61="Yes","Present","Absent") -> Present
