Workbook

Sheet Attendance Tracker
A1: Name | B1: Month | C1: Contact | D1: Department | E1: Group | F1: Total days present | G1: Actual days present | H1: Attendance percentage | I1: Attendance requirement met | K1: Department | L1: Avg Attendance %
A2: Attendee 1 | B2: 45474 | C2: =INDEX(List1!$B:$B,MATCH(A2,List1!$A:$A,0)) -> attendee1@company.com | D2: =INDEX(List2!$B:$B,MATCH(A2,List2!$A:$A,0)) -> Marketing | E2: =INDEX(List2!$E:$E,MATCH(D2,List2!$D:$D,0)) -> A | F2: =DATE(2024,7,5)-DATE(2024,7,1)+1 -> 5 | G2: =COUNTIFS(List3!$A:$A,A2,List3!$C:$C,"Yes") -> 2 | H2: =ROUND(G2/F2,4) -> 0.4 | I2: =IF(OR(E2="A",E2="B",E2="C"),IF(H2>=0.8,"Met","Not Met"),IF(H2>=0.4,"Met","Not Met")) -> Not Met | K2: Marketing | L2: =ROUND(AVERAGEIFS($H$2:$H$51,$D$2:$D$51,K2),4) -> 0.52
A3: Attendee 2 | B3: 45474 | C3: =INDEX(List1!$B:$B,MATCH(A3,List1!$A:$A,0)) -> attendee2@company.com | D3: =INDEX(List2!$B:$B,MATCH(A3,List2!$A:$A,0)) -> Sales | E3: =INDEX(List2!$E:$E,MATCH(D3,List2!$D:$D,0)) -> B | F3: =DATE(2024,7,5)-DATE(2024,7,1)+1 -> 5 | G3: =COUNTIFS(List3!$A:$A,A3,List3!$C:$C,"Yes") -> 3 | H3: =ROUND(G3/F3,4) -> 0.6 | I3: =IF(OR(E3="A",E3="B",E3="C"),IF(H3>=0.8,"Met","Not Met"),IF(H3>=0.4,"Met","Not Met")) -> Not Met | K3: Sales | L3: =ROUND(AVERAGEIFS($H$2:$H$51,$D$2:$D$51,K3),4) -> 0.52
A4: Attendee 3 | B4: 45474 | C4: =INDEX(List1!$B:$B,MATCH(A4,List1!$A:$A,0)) -> attendee3@company.com | D4: =INDEX(List2!$B:$B,MATCH(A4,List2!$A:$A,0)) -> HR | E4: =INDEX(List2!$E:$E,MATCH(D4,List2!$D:$D,0)) -> C | F4: =DATE(2024,7,5)-DATE(2024,7,1)+1 -> 5 | G4: =COUNTIFS(List3!$A:$A,A4,List3!$C:$C,"Yes") -> 2 | H4: =ROUND(G4/F4,4) -> 0.4 | I4: =IF(OR(E4="A",E4="B",E4="C"),IF(H4>=0.8,"Met","Not Met"),IF(H4>=0.4,"Met","Not Met")) -> Not Met | K4: HR | L4: =ROUND(AVERAGEIFS($H$2:$H$51,$D$2:$D$51,K4),4) -> 0.48
A5: Attendee 4 | B5: 45474 | C5: =INDEX(List1!$B:$B,MATCH(A5,List1!$A:$A,0)) -> attendee4@company.com | D5: =INDEX(List2!$B:$B,MATCH(A5,List2!$A:$A,0)) -> IT | E5: =INDEX(List2!$E:$E,MATCH(D5,List2!$D:$D,0)) -> D | F5: =DATE(2024,7,5)-DATE(2024,7,1)+1 -> 5 | G5: =COUNTIFS(List3!$A:$A,A5,List3!$C:$C,"Yes") -> 2 | H5: =ROUND(G5/F5,4) -> 0.4 | I5: =IF(OR(E5="A",E5="B",E5="C"),IF(H5>=0.8,"Met","Not Met"),IF(H5>=0.4,"Met","Not Met")) -> Met | K5: IT | L5: =ROUND(AVERAGEIFS($H$2:$H$51,$D$2:$D$51,K5),4) -> 0.54
A6: Attendee 5 | B6: 45474 | C6: =INDEX(List1!$B:$B,MATCH(A6,List1!$A:$A,0)) -> attendee5@company.com | D6: =INDEX(List2!$B:$B,MATCH(A6,List2!$A:$A,0)) -> Finance | E6: =INDEX(List2!$E:$E,MATCH(D6,List2!$D:$D,0)) -> E | F6: =DATE(2024,7,5)-DATE(2024,7,1)+1 -> 5 | G6: =COUNTIFS(List3!$A:$A,A6,List3!$C:$C,"Yes") -> 3 | H6: =ROUND(G6/F6,4) -> 0.6 | I6: =IF(OR(E6="A",E6="B",E6="C"),IF(H6>=0.8,"Met","Not Met"),IF(H6>=0.4,"Met","Not Met")) -> Met | K6: Finance | L6: =ROUND(AVERAGEIFS($H$2:$H$51,$D$2:$D$51,K6),4) -> 0.48
A7: Attendee 6 | B7: 45474 | C7: =INDEX(List1!$B:$B,MATCH(A7,List1!$A:$A,0)) -> attendee6@company.com | D7: =INDEX(List2!$B:$B,MATCH(A7,List2!$A:$A,0)) -> Marketing | E7: =INDEX(List2!$E:$E,MATCH(D7,List2!$D:$D,0)) -> A | F7: =DATE(2024,7,5)-DATE(2024,7,1)+1 -> 5 | G7: =COUNTIFS(List3!$A:$A,A7,List3!$C:$C,"Yes") -> 3 | H7: =ROUND(G7/F7,4) -> 0.6 | I7: =IF(OR(E7="A",E7="B",E7="C"),IF(H7>=0.8,"Met","Not Met"),IF(H7>=0.4,"Met","Not Met")) -> Not Met
A8: Attendee 7 | B8: 45474 | C8: =INDEX(List1!$B:$B,MATCH(A8,List1!$A:$A,0)) -> attendee7@company.com | D8: =INDEX(List2!$B:$B,MATCH(A8,List2!$A:$A,0)) -> Sales | E8: =INDEX(List2!$E:$E,MATCH(D8,List2!$D:$D,0)) -> B | F8: =DATE(2024,7,5)-DATE(2024,7,1)+1 -> 5 | G8: =COUNTIFS(List3!$A:$A,A8,List3!$C:$C,"Yes") -> 4 | H8: =ROUND(G8/F8,4) -> 0.8 | I8: =IF(OR(E8="A",E8="B",E8="C"),IF(H8>=0.8,"Met","Not Met"),IF(H8>=0.4,"Met","Not Met")) -> Met | K8: Highest attendance rate (individual): | L8: =INDEX($A$2:$A$51,MATCH(MAX($H$2:$H$51),$H$2:$H$51,0)) -> Attendee 33
A9: Attendee 8 | B9: 45474 | C9: =INDEX(List1!$B:$B,MATCH(A9,List1!$A:$A,0)) -> attendee8@company.com | D9: =INDEX(List2!$B:$B,MATCH(A9,List2!$A:$A,0)) -> HR | E9: =INDEX(List2!$E:$E,MATCH(D9,List2!$D:$D,0)) -> C | F9: =DATE(2024,7,5)-DATE(2024,7,1)+1 -> 5 | G9: =COUNTIFS(List3!$A:$A,A9,List3!$C:$C,"Yes") -> 3 | H9: =ROUND(G9/F9,4) -> 0.6 | I9: =IF(OR(E9="A",E9="B",E9="C"),IF(H9>=0.8,"Met","Not Met"),IF(H9>=0.4,"Met","Not Met")) -> Not Met | K9: # individuals who attended only 1 day: | L9: =COUNTIF($G$2:$G$51,1) -> 4
A10: Attendee 9 | B10: 45474 | C10: =INDEX(List1!$B:$B,MATCH(A10,List1!$A:$A,0)) -> attendee9@company.com | D10: =INDEX(List2!$B:$B,MATCH(A10,List2!$A:$A,0)) -> IT | E10: =INDEX(List2!$E:$E,MATCH(D10,List2!$D:$D,0)) -> D | F10: =DATE(2024,7,5)-DATE(2024,7,1)+1 -> 5 | G10: =COUNTIFS(List3!$A:$A,A10,List3!$C:$C,"Yes") -> 4 | H10: =ROUND(G10/F10,4) -> 0.8 | I10: =IF(OR(E10="A",E10="B",E10="C"),IF(H10>=0.8,"Met","Not Met"),IF(H10>=0.4,"Met","Not Met")) -> Met | K10: % of individuals who met requirement: | L10: =ROUND(COUNTIF($I$2:$I$51,"Met")/COUNTA($I$2:$I$51),4) -> 0.48
A11: Attendee 10 | B11: 45474 | C11: =INDEX(List1!$B:$B,MATCH(A11,List1!$A:$A,0)) -> attendee10@company.com | D11: =INDEX(List2!$B:$B,MATCH(A11,List2!$A:$A,0)) -> Finance | E11: =INDEX(List2!$E:$E,MATCH(D11,List2!$D:$D,0)) -> E | F11: =DATE(2024,7,5)-DATE(2024,7,1)+1 -> 5 | G11: =COUNTIFS(List3!$A:$A,A11,List3!$C:$C,"Yes") -> 2 | H11: =ROUND(G11/F11,4) -> 0.4 | I11: =IF(OR(E11="A",E11="B",E11="C"),IF(H11>=0.8,"Met","Not Met"),IF(H11>=0.4,"Met","Not Met")) -> Met
A12: Attendee 11 | B12: 45474 | C12: =INDEX(List1!$B:$B,MATCH(A12,List1!$A:$A,0)) -> attendee11@company.com | D12: =INDEX(List2!$B:$B,MATCH(A12,List2!$A:$A,0)) -> Marketing | E12: =INDEX(List2!$E:$E,MATCH(D12,List2!$D:$D,0)) -> A | F12: =DATE(2024,7,5)-DATE(2024,7,1)+1 -> 5 | G12: =COUNTIFS(List3!$A:$A,A12,List3!$C:$C,"Yes") -> 3 | H12: =ROUND(G12/F12,4) -> 0.6 | I12: =IF(OR(E12="A",E12="B",E12="C"),IF(H12>=0.8,"Met","Not Met"),IF(H12>=0.4,"Met","Not Met")) -> Not Met
A13: Attendee 12 | B13: 45474 | C13: =INDEX(List1!$B:$B,MATCH(A13,List1!$A:$A,0)) -> attendee12@company.com | D13: =INDEX(List2!$B:$B,MATCH(A13,List2!$A:$A,0)) -> Sales | E13: =INDEX(List2!$E:$E,MATCH(D13,List2!$D:$D,0)) -> B | F13: =DATE(2024,7,5)-DATE(2024,7,1)+1 -> 5 | G13: =COUNTIFS(List3!$A:$A,A13,List3!$C:$C,"Yes") -> 0 | H13: =ROUND(G13/F13,4) -> 0 | I13: =IF(OR(E13="A",E13="B",E13="C"),IF(H13>=0.8,"Met","Not Met"),IF(H13>=0.4,"Met","Not Met")) -> Not Met
A14: Attendee 13 | B14: 45474 | C14: =INDEX(List1!$B:$B,MATCH(A14,List1!$A:$A,0)) -> attendee13@company.com | D14: =INDEX(List2!$B:$B,MATCH(A14,List2!$A:$A,0)) -> HR | E14: =INDEX(List2!$E:$E,MATCH(D14,List2!$D:$D,0)) -> C | F14: =DATE(2024,7,5)-DATE(2024,7,1)+1 -> 5 | G14: =COUNTIFS(List3!$A:$A,A14,List3!$C:$C,"Yes") -> 3 | H14: =ROUND(G14/F14,4) -> 0.6 | I14: =IF(OR(E14="A",E14="B",E14="C"),IF(H14>=0.8,"Met","Not Met"),IF(H14>=0.4,"Met","Not Met")) -> Not Met
A15: Attendee 14 | B15: 45474 | C15: =INDEX(List1!$B:$B,MATCH(A15,List1!$A:$A,0)) -> attendee14@company.com | D15: =INDEX(List2!$B:$B,MATCH(A15,List2!$A:$A,0)) -> IT | E15: =INDEX(List2!$E:$E,MATCH(D15,List2!$D:$D,0)) -> D | F15: =DATE(2024,7,5)-DATE(2024,7,1)+1 -> 5 | G15: =COUNTIFS(List3!$A:$A,A15,List3!$C:$C,"Yes") -> 3 | H15: =ROUND(G15/F15,4) -> 0.6 | I15: =IF(OR(E15="A",E15="B",E15="C"),IF(H15>=0.8,"Met","Not Met"),IF(H15>=0.4,"Met","Not Met")) -> Met
A16: Attendee 15 | B16: 45474 | C16: =INDEX(List1!$B:$B,MATCH(A16,List1!$A:$A,0)) -> attendee15@company.com | D16: =INDEX(List2!$B:$B,MATCH(A16,List2!$A:$A,0)) -> Finance | E16: =INDEX(List2!$E:$E,MATCH(D16,List2!$D:$D,0)) -> E | F16: =DATE(2024,7,5)-DATE(2024,7,1)+1 -> 5 | G16: =COUNTIFS(List3!$A:$A,A16,List3!$C:$C,"Yes") -> 3 | H16: =ROUND(G16/F16,4) -> 0.6 | I16: =IF(OR(E16="A",E16="B",E16="C"),IF(H16>=0.8,"Met","Not Met"),IF(H16>=0.4,"Met","Not Met")) -> Met
A17: Attendee 16 | B17: 45474 | C17: =INDEX(List1!$B:$B,MATCH(A17,List1!$A:$A,0)) -> attendee16@company.com | D17: =INDEX(List2!$B:$B,MATCH(A17,List2!$A:$A,0)) -> Marketing | E17: =INDEX(List2!$E:$E,MATCH(D17,List2!$D:$D,0)) -> A | F17: =DATE(2024,7,5)-DATE(2024,7,1)+1 -> 5 | G17: =COUNTIFS(List3!$A:$A,A17,List3!$C:$C,"Yes") -> 2 | H17: =ROUND(G17/F17,4) -> 0.4 | I17: =IF(OR(E17="A",E17="B",E17="C"),IF(H17>=0.8,"Met","Not Met"),IF(H17>=0.4,"Met","Not Met")) -> Not Met
A18: Attendee 17 | B18: 45474 | C18: =INDEX(List1!$B:$B,MATCH(A18,List1!$A:$A,0)) -> attendee17@company.com | D18: =INDEX(List2!$B:$B,MATCH(A18,List2!$A:$A,0)) -> Sales | E18: =INDEX(List2!$E:$E,MATCH(D18,List2!$D:$D,0)) -> B | F18: =DATE(2024,7,5)-DATE(2024,7,1)+1 -> 5 | G18: =COUNTIFS(List3!$A:$A,A18,List3!$C:$C,"Yes") -> 3 | H18: =ROUND(G18/F18,4) -> 0.6 | I18: =IF(OR(E18="A",E18="B",E18="C"),IF(H18>=0.8,"Met","Not Met"),IF(H18>=0.4,"Met","Not Met")) -> Not Met
A19: Attendee 18 | B19: 45474 | C19: =INDEX(List1!$B:$B,MATCH(A19,List1!$A:$A,0)) -> attendee18@company.com | D19: =INDEX(List2!$B:$B,MATCH(A19,List2!$A:$A,0)) -> HR | E19: =INDEX(List2!$E:$E,MATCH(D19,List2!$D:$D,0)) -> C | F19: =DATE(2024,7,5)-DATE(2024,7,1)+1 -> 5 | G19: =COUNTIFS(List3!$A:$A,A19,List3!$C:$C,"Yes") -> 3 | H19: =ROUND(G19/F19,4) -> 0.6 | I19: =IF(OR(E19="A",E19="B",E19="C"),IF(H19>=0.8,"Met","Not Met"),IF(H19>=0.4,"Met","Not Met")) -> Not Met
A20: Attendee 19 | B20: 45474 | C20: =INDEX(List1!$B:$B,MATCH(A20,List1!$A:$A,0)) -> attendee19@company.com | D20: =INDEX(List2!$B:$B,MATCH(A20,List2!$A:$A,0)) -> IT | E20: =INDEX(List2!$E:$E,MATCH(D20,List2!$D:$D,0)) -> D | F20: =DATE(2024,7,5)-DATE(2024,7,1)+1 -> 5 | G20: =COUNTIFS(List3!$A:$A,A20,List3!$C:$C,"Yes") -> 3 | H20: =ROUND(G20/F20,4) -> 0.6 | I20: =IF(OR(E20="A",E20="B",E20="C"),IF(H20>=0.8,"Met","Not Met"),IF(H20>=0.4,"Met","Not Met")) -> Met
A21: Attendee 20 | B21: 45474 | C21: =INDEX(List1!$B:$B,MATCH(A21,List1!$A:$A,0)) -> attendee20@company.com | D21: =INDEX(List2!$B:$B,MATCH(A21,List2!$A:$A,0)) -> Finance | E21: =INDEX(List2!$E:$E,MATCH(D21,List2!$D:$D,0)) -> E | F21: =DATE(2024,7,5)-DATE(2024,7,1)+1 -> 5 | G21: =COUNTIFS(List3!$A:$A,A21,List3!$C:$C,"Yes") -> 2 | H21: =ROUND(G21/F21,4) -> 0.4 | I21: =IF(OR(E21="A",E21="B",E21="C"),IF(H21>=0.8,"Met","Not Met"),IF(H21>=0.4,"Met","Not Met")) -> Met
A22: Attendee 21 | B22: 45474 | C22: =INDEX(List1!$B:$B,MATCH(A22,List1!$A:$A,0)) -> attendee21@company.com | D22: =INDEX(List2!$B:$B,MATCH(A22,List2!$A:$A,0)) -> Marketing | E22: =INDEX(List2!$E:$E,MATCH(D22,List2!$D:$D,0)) -> A | F22: =DATE(2024,7,5)-DATE(2024,7,1)+1 -> 5 | G22: =COUNTIFS(List3!$A:$A,A22,List3!$C:$C,"Yes") -> 3 | H22: =ROUND(G22/F22,4) -> 0.6 | I22: =IF(OR(E22="A",E22="B",E22="C"),IF(H22>=0.8,"Met","Not Met"),IF(H22>=0.4,"Met","Not Met")) -> Not Met
... A51: Attendee 50 | B51: 45474 | C51: =INDEX(List1!$B:$B,MATCH(A51,List1!$A:$A,0)) -> attendee50@company.com | D51: =INDEX(List2!$B:$B,MATCH(A51,List2!$A:$A,0)) -> Finance | E51: =INDEX(List2!$E:$E,MATCH(D51,List2!$D:$D,0)) -> E | F51: =DATE(2024,7,5)-DATE(2024,7,1)+1 -> 5 | G51: =COUNTIFS(List3!$A:$A,A51,List3!$C:$C,"Yes") -> 1 | H51: =ROUND(G51/F51,4) -> 0.2 | I51: =IF(OR(E51="A",E51="B",E51="C"),IF(H51>=0.8,"Met","Not Met"),IF(H51>=0.4,"Met","Not Met")) -> Not Met

Sheet List1
A1: Name | B1: Contact
A2: Attendee 1 | B2: attendee1@company.com
A3: Attendee 2 | B3: attendee2@company.com
A4: Attendee 3 | B4: attendee3@company.com
A5: Attendee 4 | B5: attendee4@company.com
A6: Attendee 5 | B6: attendee5@company.com
A7: Attendee 6 | B7: attendee6@company.com
A8: Attendee 7 | B8: attendee7@company.com
A9: Attendee 8 | B9: attendee8@company.com
A10: Attendee 9 | B10: attendee9@company.com
A11: Attendee 10 | B11: attendee10@company.com
A12: Attendee 11 | B12: attendee11@company.com
... A58: Attendee 50 | B58: attendee50@company.com
A60: 7 names appear twice in this list (Attendees 7, 8, 9, 28, 29, 30, 31) - highlighted above. Delete the extra duplicate rows before pasting names into the Attendance Tracker sheet.

Sheet List2
A1: Name | B1: Department | D1: Department | E1: Group
A2: Attendee 1 | B2: Marketing | D2: Marketing | E2: A
A3: Attendee 2 | B3: Sales | D3: Sales | E3: B
A4: Attendee 3 | B4: HR | D4: HR | E4: C
A5: Attendee 4 | B5: IT | D5: IT | E5: D
A6: Attendee 5 | B6: Finance | D6: Finance | E6: E
A7: Attendee 6 | B7: Marketing
A8: Attendee 7 | B8: Sales | D8: Group | E8: Min. Attendance Required
A9: Attendee 8 | B9: HR | D9: A | E9: >= 80%
A10: Attendee 9 | B10: IT | D10: B | E10: >= 80%
A11: Attendee 10 | B11: Finance | D11: C | E11: >= 80%
A12: Attendee 11 | B12: Marketing | D12: D | E12: >= 40%
A13: Attendee 12 | B13: Sales | D13: E | E13: >= 40%
A14: Attendee 13 | B14: HR
A15: Attendee 14 | B15: IT
A16: Attendee 15 | B16: Finance
A17: Attendee 16 | B17: Marketing
A18: Attendee 17 | B18: Sales
A19: Attendee 18 | B19: HR
A20: Attendee 19 | B20: IT
A21: Attendee 20 | B21: Finance
A22: Attendee 21 | B22: Marketing
A23: Attendee 22 | B23: Sales
A24: Attendee 23 | B24: HR
A25: Attendee 24 | B25: IT
... A51: Attendee 50 | B51: Finance

Sheet List3
A1: Name | B1: Date | C1: Attended | D1: Attendance status | F1: Day | G1: # Present
A2: Attendee 1 | B2: 45474 | C2: Yes | D2: =IF(C2="Yes","Present","Absent") -> Present | F2: 45474 | G2: =COUNTIFS($B$2:$B$251,F2,$C$2:$C$251,"Yes") -> 25
A3: Attendee 2 | B3: 45474 | C3: No | D3: =IF(C3="Yes","Present","Absent") -> Absent | F3: 45475 | G3: =COUNTIFS($B$2:$B$251,F3,$C$2:$C$251,"Yes") -> 25
A4: Attendee 3 | B4: 45474 | C4: Yes | D4: =IF(C4="Yes","Present","Absent") -> Present | F4: 45476 | G4: =COUNTIFS($B$2:$B$251,F4,$C$2:$C$251,"Yes") -> 24
A5: Attendee 4 | B5: 45474 | C5: No | D5: =IF(C5="Yes","Present","Absent") -> Absent | F5: 45477 | G5: =COUNTIFS($B$2:$B$251,F5,$C$2:$C$251,"Yes") -> 30
A6: Attendee 5 | B6: 45474 | C6: Yes | D6: =IF(C6="Yes","Present","Absent") -> Present | F6: 45478 | G6: =COUNTIFS($B$2:$B$251,F6,$C$2:$C$251,"Yes") -> 23
A7: Attendee 6 | B7: 45474 | C7: No | D7: =IF(C7="Yes","Present","Absent") -> Absent
A8: Attendee 7 | B8: 45474 | C8: Yes | D8: =IF(C8="Yes","Present","Absent") -> Present
A9: Attendee 8 | B9: 45474 | C9: No | D9: =IF(C9="Yes","Present","Absent") -> Absent
A10: Attendee 9 | B10: 45474 | C10: Yes | D10: =IF(C10="Yes","Present","Absent") -> Present
A11: Attendee 10 | B11: 45474 | C11: No | D11: =IF(C11="Yes","Present","Absent") -> Absent
A12: Attendee 11 | B12: 45474 | C12: Yes | D12: =IF(C12="Yes","Present","Absent") -> Present
A13: Attendee 12 | B13: 45474 | C13: No | D13: =IF(C13="Yes","Present","Absent") -> Absent
A14: Attendee 13 | B14: 45474 | C14: Yes | D14: =IF(C14="Yes","Present","Absent") -> Present
A15: Attendee 14 | B15: 45474 | C15: No | D15: =IF(C15="Yes","Present","Absent") -> Absent
A16: Attendee 15 | B16: 45474 | C16: Yes | D16: =IF(C16="Yes","Present","Absent") -> Present
A17: Attendee 16 | B17: 45474 | C17: No | D17: =IF(C17="Yes","Present","Absent") -> Absent
A18: Attendee 17 | B18: 45474 | C18: Yes | D18: =IF(C18="Yes","Present","Absent") -> Present
... A251: Attendee 50 | B251: 45478 | C251: No | D251: =IF(C251="Yes","Present","Absent") -> Absent
