Workbook

Sheet Overview
A1: Airline Offer & Revenue Performance Reporting
A2: A self-directed practice project modeled on the Retailing & Reporting (R&R) function at an airline - building offer, share, and revenue performance reporting to support analyst decision-making.
A4: Purpose
A5: Practice building the kind of offer-performance and revenue reporting a Retailing & Reporting analyst would use: tracking booking and revenue trends by market, comparing offer types, and evaluating joint venture (JV) vs. non-JV performance.
A7: Data
A8: All data in this workbook is simulated for practice purposes. It does not represent real airline, market, or customer data from any company.
A10: Sheets
A11: Offer & Booking Data (raw records) | Performance Dashboard (summary formulas + charts) | Findings (written interpretation).
A13: Skills demonstrated
A14: Excel formulas (SUMIFS, COUNTIFS, AVERAGEIFS), pivot-style summary reporting, conditional formatting, charting, and written data interpretation for a business audience.

Sheet Offer & Booking Data
A1: Date | B1: Market | C1: Channel | D1: Offer Type | E1: JV Partner | F1: Bookings | G1: Revenue ($) | H1: Load Factor (%) | I1: Avg Fare ($)
A2: 2026-02-03 | B2: ATL-NRT | C2: Travel Agency | D2: Basic Economy | E2: None | F2: 170 | G2: 81346.7 | H2: 76.8 | I2: 478.51
A3: 2026-02-04 | B3: ATL-LHR | C3: Direct - Web | D3: Basic Economy | E3: Virgin Atlantic (JV) | F3: 200 | G3: 80742 | H3: 71.6 | I3: 403.71
A4: 2026-02-11 | B4: ATL-ICN | C4: OTA | D4: Basic Economy | E4: Korean Air (JV) | F4: 387 | G4: 174250.62 | H4: 73.7 | I4: 450.26
A5: 2026-02-14 | B5: ATL-CDG | C5: Travel Agency | D5: Comfort+ | E5: Air France-KLM (JV) | F5: 63 | G5: 61099.29 | H5: 72.2 | I5: 969.83
A6: 2026-02-15 | B6: ATL-CDG | C6: Direct - Web | D6: Main Cabin | E6: Air France-KLM (JV) | F6: 392 | G6: 273996.24 | H6: 78.9 | I6: 698.97
A7: 2026-02-15 | B7: ATL-AMS | C7: Travel Agency | D7: Delta One | E7: Air France-KLM (JV) | F7: 179 | G7: 479700.31 | H7: 77.9 | I7: 2679.89
A8: 2026-02-15 | B8: ATL-ICN | C8: Direct - Web | D8: Main Cabin | E8: Korean Air (JV) | F8: 147 | G8: 98754.6 | H8: 74.4 | I8: 671.8
A9: 2026-02-17 | B9: ATL-LHR | C9: Direct - Web | D9: Main Cabin | E9: Virgin Atlantic (JV) | F9: 76 | G9: 44827.84 | H9: 73.7 | I9: 589.84
A10: 2026-02-21 | B10: ATL-MEX | C10: OTA | D10: Main Cabin | E10: Aeromexico (JV) | F10: 253 | G10: 151245.93 | H10: 75.6 | I10: 597.81
A11: 2026-02-22 | B11: ATL-AMS | C11: Travel Agency | D11: Basic Economy | E11: Air France-KLM (JV) | F11: 241 | G11: 96400 | H11: 74.9 | I11: 400
A12: 2026-02-24 | B12: ATL-NRT | C12: OTA | D12: Basic Economy | E12: None | F12: 236 | G12: 104168.04 | H12: 89 | I12: 441.39
A13: 2026-02-25 | B13: ATL-MEX | C13: Travel Agency | D13: Main Cabin | E13: Aeromexico (JV) | F13: 420 | G13: 250446 | H13: 85.2 | I13: 596.3
... A73: 2026-07-26 | B73: ATL-LHR | C73: Direct - App | D73: Comfort+ | E73: Virgin Atlantic (JV) | F73: 72 | G73: 60545.52 | H73: 92 | I73: 840.91

Sheet Performance Dashboard
A1: Performance Dashboard
A2: Summary reporting built with live formulas referencing the Offer & Booking Data sheet.
A4: Revenue & Bookings by Market
A5: Market | B5: Total Revenue | C5: Total Bookings | D5: Avg Load Factor (%) | E5: JV Partner
A6: ATL-LHR | B6: =SUMIFS('Offer & Booking Data'!G:G,'Offer & Booking Data'!B:B,A6) -> 2495071.6 | C6: =SUMIFS('Offer & Booking Data'!F:F,'Offer & Booking Data'!B:B,A6) -> 2527 | D6: =ROUND(AVERAGEIFS('Offer & Booking Data'!H:H,'Offer & Booking Data'!B:B,A6),1) -> 82.5 | E6: =INDEX('Offer & Booking Data'!E:E,MATCH(A6,'Offer & Booking Data'!B:B,0)) -> Virgin Atlantic (JV)
A7: ATL-CDG | B7: =SUMIFS('Offer & Booking Data'!G:G,'Offer & Booking Data'!B:B,A7) -> 3415246.6 | C7: =SUMIFS('Offer & Booking Data'!F:F,'Offer & Booking Data'!B:B,A7) -> 3264 | D7: =ROUND(AVERAGEIFS('Offer & Booking Data'!H:H,'Offer & Booking Data'!B:B,A7),1) -> 81.1 | E7: =INDEX('Offer & Booking Data'!E:E,MATCH(A7,'Offer & Booking Data'!B:B,0)) -> Air France-KLM (JV)
A8: ATL-NRT | B8: =SUMIFS('Offer & Booking Data'!G:G,'Offer & Booking Data'!B:B,A8) -> 1502454.7 | C8: =SUMIFS('Offer & Booking Data'!F:F,'Offer & Booking Data'!B:B,A8) -> 2403 | D8: =ROUND(AVERAGEIFS('Offer & Booking Data'!H:H,'Offer & Booking Data'!B:B,A8),1) -> 81.1 | E8: =INDEX('Offer & Booking Data'!E:E,MATCH(A8,'Offer & Booking Data'!B:B,0)) -> None
A9: ATL-MEX | B9: =SUMIFS('Offer & Booking Data'!G:G,'Offer & Booking Data'!B:B,A9) -> 2042409.9 | C9: =SUMIFS('Offer & Booking Data'!F:F,'Offer & Booking Data'!B:B,A9) -> 2792 | D9: =ROUND(AVERAGEIFS('Offer & Booking Data'!H:H,'Offer & Booking Data'!B:B,A9),1) -> 77.9 | E9: =INDEX('Offer & Booking Data'!E:E,MATCH(A9,'Offer & Booking Data'!B:B,0)) -> Aeromexico (JV)
A10: ATL-AMS | B10: =SUMIFS('Offer & Booking Data'!G:G,'Offer & Booking Data'!B:B,A10) -> 2035268.6 | C10: =SUMIFS('Offer & Booking Data'!F:F,'Offer & Booking Data'!B:B,A10) -> 2531 | D10: =ROUND(AVERAGEIFS('Offer & Booking Data'!H:H,'Offer & Booking Data'!B:B,A10),1) -> 81.5 | E10: =INDEX('Offer & Booking Data'!E:E,MATCH(A10,'Offer & Booking Data'!B:B,0)) -> Air France-KLM (JV)
A11: ATL-ICN | B11: =SUMIFS('Offer & Booking Data'!G:G,'Offer & Booking Data'!B:B,A11) -> 2147906.2 | C11: =SUMIFS('Offer & Booking Data'!F:F,'Offer & Booking Data'!B:B,A11) -> 2885 | D11: =ROUND(AVERAGEIFS('Offer & Booking Data'!H:H,'Offer & Booking Data'!B:B,A11),1) -> 77.8 | E11: =INDEX('Offer & Booking Data'!E:E,MATCH(A11,'Offer & Booking Data'!B:B,0)) -> Korean Air (JV)
A18: Booking Share by Offer Type
A19: Offer Type | B19: Total Bookings | C19: Share of Bookings (%)
A20: Basic Economy | B20: =SUMIFS('Offer & Booking Data'!F:F,'Offer & Booking Data'!D:D,A20) -> 5955 | C20: =ROUND(B20/SUM('Offer & Booking Data'!F:F)*100,1) -> 36.3
A21: Main Cabin | B21: =SUMIFS('Offer & Booking Data'!F:F,'Offer & Booking Data'!D:D,A21) -> 6523 | C21: =ROUND(B21/SUM('Offer & Booking Data'!F:F)*100,1) -> 39.8
A22: Comfort+ | B22: =SUMIFS('Offer & Booking Data'!F:F,'Offer & Booking Data'!D:D,A22) -> 2013 | C22: =ROUND(B22/SUM('Offer & Booking Data'!F:F)*100,1) -> 12.3
A23: Delta One | B23: =SUMIFS('Offer & Booking Data'!F:F,'Offer & Booking Data'!D:D,A23) -> 1911 | C23: =ROUND(B23/SUM('Offer & Booking Data'!F:F)*100,1) -> 11.7
A26: JV vs. Non-JV Revenue Comparison
A27: Group | B27: Total Revenue | C27: Avg Load Factor (%)
A28: JV Markets | B28: =SUMIFS('Offer & Booking Data'!G:G,'Offer & Booking Data'!E:E,"<>None") -> 12135903 | C28: =ROUND(AVERAGEIFS('Offer & Booking Data'!H:H,'Offer & Booking Data'!E:E,"<>None"),1) -> 80.2
A29: Non-JV Markets | B29: =SUMIFS('Offer & Booking Data'!G:G,'Offer & Booking Data'!E:E,"None") -> 1502454.7 | C29: =ROUND(AVERAGEIFS('Offer & Booking Data'!H:H,'Offer & Booking Data'!E:E,"None"),1) -> 81.1
A32: Monthly Revenue Trend
A33: Month | B33: Total Revenue
A34: 2026-02 | B34: =SUMPRODUCT((LEFT('Offer & Booking Data'!A2:A73,7)=A34)*'Offer & Booking Data'!G2:G73) -> 1896977.6
A35: 2026-03 | B35: =SUMPRODUCT((LEFT('Offer & Booking Data'!A2:A73,7)=A35)*'Offer & Booking Data'!G2:G73) -> 3302009.8
A36: 2026-04 | B36: =SUMPRODUCT((LEFT('Offer & Booking Data'!A2:A73,7)=A36)*'Offer & Booking Data'!G2:G73) -> 2671006
A37: 2026-05 | B37: =SUMPRODUCT((LEFT('Offer & Booking Data'!A2:A73,7)=A37)*'Offer & Booking Data'!G2:G73) -> 2274719.2
A38: 2026-06 | B38: =SUMPRODUCT((LEFT('Offer & Booking Data'!A2:A73,7)=A38)*'Offer & Booking Data'!G2:G73) -> 1591262.8
A39: 2026-07 | B39: =SUMPRODUCT((LEFT('Offer & Booking Data'!A2:A73,7)=A39)*'Offer & Booking Data'!G2:G73) -> 1902382.4

Sheet Findings
A1: Findings & Interpretation
A3: This practice report simulates the kind of offer and revenue performance reporting a Retailing & Reporting analyst would review to spot trends across markets and offer types.
A5: Market performance: revenue and load factor vary meaningfully by market in this simulated data, which is the kind of gap a report like this should surface quickly so an analyst can flag it for review rather than digging through raw records market by market.
A7: Offer type mix: Main Cabin bookings make up the largest share of volume, consistent with it being the default offer most customers select, while Delta One carries a much smaller share of bookings but a disproportionately larger share of revenue per booking - a pattern worth calling out explicitly in a report rather than letting it get lost in a bookings-only view.
A9: JV vs. non-JV markets: comparing average load factor and revenue between joint-venture and non-JV markets gives a quick read on whether JV partnerships are associated with stronger performance in this simulated data - the kind of side-by-side comparison the R&R team's JV performance reporting would need to support.
A11: Monthly trend: tracking revenue by month makes it possible to spot seasonal upward or downward movement at a glance instead of comparing individual daily records, which is the core value of a reporting dashboard over a raw data table.
