Workbook

Sheet Overview
A1: Helpdesk Escalation Ticket Analysis
A2: Self-directed practice project analyzing which problem types drive helpdesk escalations
A4: This workbook simulates a helpdesk/issue-resolution ticket queue and analyzes which problem categories escalate most often, why, and how escalated tickets compare to first-line resolutions on time to resolve. It's modeled on real frontline support patterns - most tickets are resolved directly, but some require escalation because they're outside first-line scope (admin-level access, hardware replacement, vendor involvement) or point to a deeper, unresolved root cause. Sheets: 1. Ticket Log - 30 simulated helpdesk tickets across 6 problem categories, each marked as escalated or resolved at first line, with an escalation reason where applicable. 2. Escalation Analysis - formulas and charts summarizing escalation rate by category, top escalation reasons, and resolution-time comparison between escalated and first-line-resolved tickets.

Sheet Escalation Analysis
A1: Escalation Analysis
A2: Rolled up from the Ticket Log (practice data).
A4: Category | B4: Total Tickets | C4: Escalated | D4: Escalation Rate
A5: Network/WiFi | B5: =COUNTIFS('Ticket Log'!C2:C31,A5) -> 5 | C5: =COUNTIFS('Ticket Log'!C2:C31,A5,'Ticket Log'!E2:E31,"Y") -> 2 | D5: =IFERROR(ROUND(C5/B5,3),0) -> 0.4
A6: Hardware | B6: =COUNTIFS('Ticket Log'!C2:C31,A6) -> 6 | C6: =COUNTIFS('Ticket Log'!C2:C31,A6,'Ticket Log'!E2:E31,"Y") -> 1 | D6: =IFERROR(ROUND(C6/B6,3),0) -> 0.167
A7: Software | B7: =COUNTIFS('Ticket Log'!C2:C31,A7) -> 6 | C7: =COUNTIFS('Ticket Log'!C2:C31,A7,'Ticket Log'!E2:E31,"Y") -> 5 | D7: =IFERROR(ROUND(C7/B7,3),0) -> 0.833
A8: Account/Access | B8: =COUNTIFS('Ticket Log'!C2:C31,A8) -> 5 | C8: =COUNTIFS('Ticket Log'!C2:C31,A8,'Ticket Log'!E2:E31,"Y") -> 3 | D8: =IFERROR(ROUND(C8/B8,3),0) -> 0.6
A9: Email | B9: =COUNTIFS('Ticket Log'!C2:C31,A9) -> 4 | C9: =COUNTIFS('Ticket Log'!C2:C31,A9,'Ticket Log'!E2:E31,"Y") -> 1 | D9: =IFERROR(ROUND(C9/B9,3),0) -> 0.25
A10: Printer | B10: =COUNTIFS('Ticket Log'!C2:C31,A10) -> 4 | C10: =COUNTIFS('Ticket Log'!C2:C31,A10,'Ticket Log'!E2:E31,"Y") -> 0 | D10: =IFERROR(ROUND(C10/B10,3),0) -> 0
A13: Escalation Reason | B13: # Tickets
A14: Required admin-level access | B14: =COUNTIF('Ticket Log'!F2:F31,A14) -> 2
A15: Hardware replacement needed | B15: =COUNTIF('Ticket Log'!F2:F31,A15) -> 1
A16: Vendor/third-party involvement needed | B16: =COUNTIF('Ticket Log'!F2:F31,A16) -> 3
A17: Beyond first-line troubleshooting scope | B17: =COUNTIF('Ticket Log'!F2:F31,A17) -> 3
A18: Repeat issue - root cause unresolved | B18: =COUNTIF('Ticket Log'!F2:F31,A18) -> 3
A21: Total Tickets | B21: =COUNTA('Ticket Log'!A2:A31) -> 30
A22: Total Escalated | B22: =COUNTIF('Ticket Log'!E2:E31,"Y") -> 12
A23: Overall Escalation Rate | B23: =ROUND(B22/B21,3) -> 0.4
A24: Avg Time to Resolve - Escalated (hrs) | B24: =ROUND(AVERAGEIFS('Ticket Log'!G2:G31,'Ticket Log'!E2:E31,"Y"),2) -> 1.98
A25: Avg Time to Resolve - First-Line (hrs) | B25: =ROUND(AVERAGEIFS('Ticket Log'!G2:G31,'Ticket Log'!E2:E31,"N"),2) -> 0.46
A26: Category with Highest Escalation Rate | B26: =INDEX(A5:A10,MATCH(MAX(D5:D10),D5:D10,0)) -> Software
A28: Reading this report: categories with a high escalation rate (Hardware, Software) tend to need physical replacement or vendor/engineering involvement that first-line support can't resolve alone. Categories with a low escalation rate (Printer, Email) are mostly resolved with a standard first-line fix. Repeat escalations ("root cause unresolved") point to issues worth flagging for a permanent fix rather than re-solving the same ticket every time.

Sheet Ticket Log
A1: Ticket ID | B1: Date | C1: Category | D1: Problem Description | E1: Escalated (Y/N) | F1: Escalation Reason | G1: Time to Resolve (hrs) | H1: Resolved By
A2: TCK-3001 | B2: 2026-07-01 | C2: Network/WiFi | D2: Guest WiFi network down store-wide | E2: Y | F2: Vendor/third-party involvement needed | G2: 3.5 | H2: Tier 2/ISP
A3: TCK-3002 | B3: 2026-07-01 | C3: Hardware | D3: Handheld scanner battery not holding charge | E3: N | G3: 0.4 | H3: Tier 1
A4: TCK-3003 | B4: 2026-07-01 | C4: Software | D4: Inventory app crashing on bulk barcode scan | E4: Y | F4: Beyond first-line troubleshooting scope | G4: 2 | H4: App Support
A5: TCK-3004 | B5: 2026-07-02 | C5: Account/Access | D5: Associate locked out after password expired | E5: N | G5: 0.25 | H5: Tier 1
A6: TCK-3005 | B6: 2026-07-02 | C6: Email | D6: Manager not receiving daily reporting emails | E6: N | G6: 0.6 | H6: Tier 1
A7: TCK-3006 | B7: 2026-07-02 | C7: Printer | D7: Label printer offline at receiving dock | E7: N | G7: 0.5 | H7: Tier 1
A8: TCK-3007 | B8: 2026-07-03 | C8: Account/Access | D8: New hire access request needs elevated system permissions | E8: Y | F8: Required admin-level access | G8: 1 | H8: IT Admin
A9: TCK-3008 | B9: 2026-07-03 | C9: Hardware | D9: Monitor at service desk showing no display | E9: N | G9: 0.3 | H9: Tier 1
A10: TCK-3009 | B10: 2026-07-03 | C10: Network/WiFi | D10: Device dropping WiFi connection intermittently | E10: N | G10: 0.5 | H10: Tier 1
A11: TCK-3010 | B11: 2026-07-04 | C11: Software | D11: POS terminal freezing during checkout, third occurrence this month | E11: Y | F11: Repeat issue - root cause unresolved | G11: 1.5 | H11: App Support
A12: TCK-3011 | B12: 2026-07-04 | C12: Hardware | D12: Barcode scanner not reading damaged labels consistently | E12: N | G12: 0.4 | H12: Tier 1
A13: TCK-3012 | B13: 2026-07-05 | C13: Email | D13: Associate email flagged for suspicious login attempt | E13: Y | F13: Beyond first-line troubleshooting scope | G13: 0.9 | H13: Security Team
A14: TCK-3013 | B14: 2026-07-05 | C14: Printer | D14: Two printers conflicting, jobs routing to wrong device | E14: N | G14: 0.7 | H14: Tier 1
A15: TCK-3014 | B15: 2026-07-06 | C15: Network/WiFi | D15: VPN connection dropping for remote employee | E15: N | G15: 0.6 | H15: Tier 1
A16: TCK-3015 | B16: 2026-07-06 | C16: Hardware | D16: Replacement laptop needed after liquid damage | E16: Y | F16: Hardware replacement needed | G16: 4 | H16: Asset Management
A17: TCK-3016 | B17: 2026-07-07 | C17: Account/Access | D17: Associate unable to access shared drive after dept. transfer | E17: N | G17: 0.5 | H17: Tier 1
A18: TCK-3017 | B18: 2026-07-07 | C18: Software | D18: Reporting dashboard showing outdated numbers, nightly job stalled | E18: Y | F18: Beyond first-line troubleshooting scope | G18: 1.3 | H18: Engineering
A19: TCK-3018 | B19: 2026-07-08 | C19: Printer | D19: Receipt printer printing garbled text | E19: N | G19: 0.4 | H19: Tier 1
A20: TCK-3019 | B20: 2026-07-08 | C20: Network/WiFi | D20: Access point needs replacement, third outage this month at same location | E20: Y | F20: Repeat issue - root cause unresolved | G20: 3 | H20: Facilities
A21: TCK-3020 | B21: 2026-07-09 | C21: Email | D21: Filter rule misrouting sender domain to spam | E21: N | G21: 0.5 | H21: Tier 1
A22: TCK-3021 | B22: 2026-07-09 | C22: Hardware | D22: Docking station not charging laptop reliably | E22: N | G22: 0.35 | H22: Tier 1
A23: TCK-3022 | B23: 2026-07-10 | C23: Software | D23: Reporting tool license expired, needs procurement | E23: Y | F23: Vendor/third-party involvement needed | G23: 2.5 | H23: Procurement/Vendor
A24: TCK-3023 | B24: 2026-07-10 | C24: Account/Access | D24: Manager needs temporary elevated access for month-end reporting | E24: Y | F24: Required admin-level access | G24: 0.5 | H24: IT Admin
A25: TCK-3024 | B25: 2026-07-11 | C25: Printer | D25: Print spooler stalled, jobs stuck in queue | E25: N | G25: 0.3 | H25: Tier 1
A26: TCK-3025 | B26: 2026-07-11 | C26: Network/WiFi | D26: Router restart resolved intermittent drops | E26: N | G26: 0.4 | H26: Tier 1
A27: TCK-3026 | B27: 2026-07-12 | C27: Hardware | D27: Tablet used for curbside pickup not charging, cable failure | E27: N | G27: 0.3 | H27: Tier 1
A28: TCK-3027 | B28: 2026-07-12 | C28: Software | D28: Project tracking tool not syncing across team | E28: N | G28: 0.8 | H28: Tier 1
A29: TCK-3028 | B29: 2026-07-13 | C29: Account/Access | D29: Same associate locked out for the second time this week | E29: Y | F29: Repeat issue - root cause unresolved | G29: 0.6 | H29: IT Admin
A30: TCK-3029 | B30: 2026-07-13 | C30: Email | D30: Mailbox over storage limit, bulk archive needed | E30: N | G30: 0.5 | H30: Tier 1
A31: TCK-3030 | B31: 2026-07-14 | C31: Software | D31: Application requires vendor patch for known bug | E31: Y | F31: Vendor/third-party involvement needed | G31: 3 | H31: Vendor Support
