Workbook

Sheet Overview
A1: Payroll Audit & Reconciliation Project
A2: A self-directed practice project modeled on weekly payroll auditing, reconciliation, and off-cycle payment review responsibilities.
A4: Purpose
A5: Practice the kind of weekly payroll audit a Payroll Analyst runs: reconciling recorded gross pay against hours and rate, flagging possible duplicate payments, and reviewing off-cycle payments (reversals, overpayments, duplicate employee merges).
A7: Data
A8: All employee names, IDs, and pay data in this workbook are simulated for practice purposes. It does not represent real payroll data from any company.
A10: Sheets
A11: Payroll Register (raw pay records, intentionally includes seeded errors) | Audit & Reconciliation (live-formula checks that flag those errors) | Weekly Audit Summary (rollup reporting + chart) | Findings (written summary).
A13: Skills demonstrated
A14: Payroll auditing logic (recalculating and reconciling pay), duplicate-payment detection, Excel formulas (SUMIFS, COUNTIFS, IF, ROUND), conditional formatting, and clear written audit findings.

Sheet Payroll Register
A1: Employee ID | B1: Employee Name | C1: Department | D1: Pay Period | E1: Payment Type | F1: Hours Worked | G1: Hourly Rate ($) | H1: Recorded Gross Pay ($) | I1: Deductions ($) | J1: Recorded Net Pay ($)
A2: E1000 | B2: Employee 001 | C2: Restaurant Ops - Region A | D2: 2026-06-01 to 2026-06-07 | E2: Regular | F2: 29.05 | G2: 20.96 | H2: 608.89 | I2: 129.34 | J2: 479.55
A3: E1001 | B3: Employee 002 | C3: Restaurant Ops - Region B | D3: 2026-06-01 to 2026-06-07 | E3: Regular | F3: 29.31 | G3: 20.13 | H3: 590.01 | I3: 105.46 | J3: 484.55
A4: E1002 | B4: Employee 003 | C4: Restaurant Ops - Region C | D4: 2026-06-01 to 2026-06-07 | E4: Regular | F4: 23.69 | G4: 20.19 | H4: 478.3 | I4: 87.52 | J4: 390.78
A5: E1003 | B5: Employee 004 | C5: International | D5: 2026-06-01 to 2026-06-07 | E5: Regular | F5: 35.86 | G5: 13.51 | H5: 484.47 | I5: 72.84 | J5: 411.63
A6: E1004 | B6: Employee 005 | C6: Support Center | D6: 2026-06-01 to 2026-06-07 | E6: Regular | F6: 21.81 | G6: 24.95 | H6: 544.16 | I6: 103.03 | J6: 441.13
A7: E1005 | B7: Employee 006 | C7: Restaurant Ops - Region A | D7: 2026-06-01 to 2026-06-07 | E7: Regular | F7: 20.84 | G7: 27.72 | H7: 577.68 | I7: 125.05 | J7: 452.63
A8: E1006 | B8: Employee 007 | C8: Restaurant Ops - Region B | D8: 2026-06-01 to 2026-06-07 | E8: Regular | F8: 33.08 | G8: 21.85 | H8: 722.8 | I8: 98.12 | J8: 624.68
A9: E1005 | B9: Employee 006 | C9: Restaurant Ops - Region A | D9: 2026-06-01 to 2026-06-07 | E9: Regular | F9: 20.84 | G9: 27.72 | H9: 577.68 | I9: 125.05 | J9: 452.63
A10: E1007 | B10: Employee 008 | C10: Restaurant Ops - Region C | D10: 2026-06-01 to 2026-06-07 | E10: Regular | F10: 20.3 | G10: 20.45 | H10: 415.13 | I10: 52.29 | J10: 362.84
A11: E1008 | B11: Employee 009 | C11: International | D11: 2026-06-01 to 2026-06-07 | E11: Regular | F11: 23.8 | G11: 15.87 | H11: 377.71 | I11: 46.46 | J11: 331.25
A12: E1009 | B12: Employee 010 | C12: Support Center | D12: 2026-06-01 to 2026-06-07 | E12: Regular | F12: 29.28 | G12: 19.05 | H12: 557.78 | I12: 113.92 | J12: 443.86
A13: E1010 | B13: Employee 011 | C13: Restaurant Ops - Region A | D13: 2026-06-01 to 2026-06-07 | E13: Regular | F13: 30.38 | G13: 22.24 | H13: 675.65 | I13: 114.85 | J13: 560.8
... A247: E1042 | B247: Employee 042 | C247: International | D247: 2026-06-22 to 2026-06-28 | E247: Off-Cycle - Overpayment Correction | F247: 0 | G247: 0 | H247: -310 | I247: 0 | J247: -310

Sheet Audit & Reconciliation
A1: Employee ID | B1: Employee Name | C1: Pay Period | D1: Payment Type | E1: Recalculated Gross Pay ($) | F1: Recorded Gross Pay ($) | G1: Variance ($) | H1: Duplicate Payment Check | I1: Audit Flag
A2: ='Payroll Register'!A2 -> E1000 | B2: ='Payroll Register'!B2 -> Employee 001 | C2: ='Payroll Register'!D2 -> 2026-06-01 to 2026-06-07 | D2: ='Payroll Register'!E2 -> Regular | E2: =ROUND('Payroll Register'!F2*'Payroll Register'!G2,2) -> 608.89 | F2: ='Payroll Register'!H2 -> 608.89 | G2: =ROUND(F2-E2,2) -> 0 | H2: =IF(COUNTIFS(A$2:A$247,A2,C$2:C$247,C2)>1,"DUPLICATE - REVIEW","OK") -> OK | I2: =IF(D2<>"Regular","Off-Cycle - See Register",IF(H2="DUPLICATE - REVIEW","Duplicate Payment",IF(ABS(G2)>0.01,"Gross Pay Discrepancy","Clear"))) -> Clear
A3: ='Payroll Register'!A3 -> E1001 | B3: ='Payroll Register'!B3 -> Employee 002 | C3: ='Payroll Register'!D3 -> 2026-06-01 to 2026-06-07 | D3: ='Payroll Register'!E3 -> Regular | E3: =ROUND('Payroll Register'!F3*'Payroll Register'!G3,2) -> 590.01 | F3: ='Payroll Register'!H3 -> 590.01 | G3: =ROUND(F3-E3,2) -> 0 | H3: =IF(COUNTIFS(A$2:A$247,A3,C$2:C$247,C3)>1,"DUPLICATE - REVIEW","OK") -> OK | I3: =IF(D3<>"Regular","Off-Cycle - See Register",IF(H3="DUPLICATE - REVIEW","Duplicate Payment",IF(ABS(G3)>0.01,"Gross Pay Discrepancy","Clear"))) -> Clear
A4: ='Payroll Register'!A4 -> E1002 | B4: ='Payroll Register'!B4 -> Employee 003 | C4: ='Payroll Register'!D4 -> 2026-06-01 to 2026-06-07 | D4: ='Payroll Register'!E4 -> Regular | E4: =ROUND('Payroll Register'!F4*'Payroll Register'!G4,2) -> 478.3 | F4: ='Payroll Register'!H4 -> 478.3 | G4: =ROUND(F4-E4,2) -> 0 | H4: =IF(COUNTIFS(A$2:A$247,A4,C$2:C$247,C4)>1,"DUPLICATE - REVIEW","OK") -> OK | I4: =IF(D4<>"Regular","Off-Cycle - See Register",IF(H4="DUPLICATE - REVIEW","Duplicate Payment",IF(ABS(G4)>0.01,"Gross Pay Discrepancy","Clear"))) -> Clear
A5: ='Payroll Register'!A5 -> E1003 | B5: ='Payroll Register'!B5 -> Employee 004 | C5: ='Payroll Register'!D5 -> 2026-06-01 to 2026-06-07 | D5: ='Payroll Register'!E5 -> Regular | E5: =ROUND('Payroll Register'!F5*'Payroll Register'!G5,2) -> 484.47 | F5: ='Payroll Register'!H5 -> 484.47 | G5: =ROUND(F5-E5,2) -> 0 | H5: =IF(COUNTIFS(A$2:A$247,A5,C$2:C$247,C5)>1,"DUPLICATE - REVIEW","OK") -> OK | I5: =IF(D5<>"Regular","Off-Cycle - See Register",IF(H5="DUPLICATE - REVIEW","Duplicate Payment",IF(ABS(G5)>0.01,"Gross Pay Discrepancy","Clear"))) -> Clear
A6: ='Payroll Register'!A6 -> E1004 | B6: ='Payroll Register'!B6 -> Employee 005 | C6: ='Payroll Register'!D6 -> 2026-06-01 to 2026-06-07 | D6: ='Payroll Register'!E6 -> Regular | E6: =ROUND('Payroll Register'!F6*'Payroll Register'!G6,2) -> 544.16 | F6: ='Payroll Register'!H6 -> 544.16 | G6: =ROUND(F6-E6,2) -> 0 | H6: =IF(COUNTIFS(A$2:A$247,A6,C$2:C$247,C6)>1,"DUPLICATE - REVIEW","OK") -> OK | I6: =IF(D6<>"Regular","Off-Cycle - See Register",IF(H6="DUPLICATE - REVIEW","Duplicate Payment",IF(ABS(G6)>0.01,"Gross Pay Discrepancy","Clear"))) -> Clear
A7: ='Payroll Register'!A7 -> E1005 | B7: ='Payroll Register'!B7 -> Employee 006 | C7: ='Payroll Register'!D7 -> 2026-06-01 to 2026-06-07 | D7: ='Payroll Register'!E7 -> Regular | E7: =ROUND('Payroll Register'!F7*'Payroll Register'!G7,2) -> 577.68 | F7: ='Payroll Register'!H7 -> 577.68 | G7: =ROUND(F7-E7,2) -> 0 | H7: =IF(COUNTIFS(A$2:A$247,A7,C$2:C$247,C7)>1,"DUPLICATE - REVIEW","OK") -> DUPLICATE - REVIEW | I7: =IF(D7<>"Regular","Off-Cycle - See Register",IF(H7="DUPLICATE - REVIEW","Duplicate Payment",IF(ABS(G7)>0.01,"Gross Pay Discrepancy","Clear"))) -> Duplicate Payment
A8: ='Payroll Register'!A8 -> E1006 | B8: ='Payroll Register'!B8 -> Employee 007 | C8: ='Payroll Register'!D8 -> 2026-06-01 to 2026-06-07 | D8: ='Payroll Register'!E8 -> Regular | E8: =ROUND('Payroll Register'!F8*'Payroll Register'!G8,2) -> 722.8 | F8: ='Payroll Register'!H8 -> 722.8 | G8: =ROUND(F8-E8,2) -> 0 | H8: =IF(COUNTIFS(A$2:A$247,A8,C$2:C$247,C8)>1,"DUPLICATE - REVIEW","OK") -> OK | I8: =IF(D8<>"Regular","Off-Cycle - See Register",IF(H8="DUPLICATE - REVIEW","Duplicate Payment",IF(ABS(G8)>0.01,"Gross Pay Discrepancy","Clear"))) -> Clear
A9: ='Payroll Register'!A9 -> E1005 | B9: ='Payroll Register'!B9 -> Employee 006 | C9: ='Payroll Register'!D9 -> 2026-06-01 to 2026-06-07 | D9: ='Payroll Register'!E9 -> Regular | E9: =ROUND('Payroll Register'!F9*'Payroll Register'!G9,2) -> 577.68 | F9: ='Payroll Register'!H9 -> 577.68 | G9: =ROUND(F9-E9,2) -> 0 | H9: =IF(COUNTIFS(A$2:A$247,A9,C$2:C$247,C9)>1,"DUPLICATE - REVIEW","OK") -> DUPLICATE - REVIEW | I9: =IF(D9<>"Regular","Off-Cycle - See Register",IF(H9="DUPLICATE - REVIEW","Duplicate Payment",IF(ABS(G9)>0.01,"Gross Pay Discrepancy","Clear"))) -> Duplicate Payment
A10: ='Payroll Register'!A10 -> E1007 | B10: ='Payroll Register'!B10 -> Employee 008 | C10: ='Payroll Register'!D10 -> 2026-06-01 to 2026-06-07 | D10: ='Payroll Register'!E10 -> Regular | E10: =ROUND('Payroll Register'!F10*'Payroll Register'!G10,2) -> 415.14 | F10: ='Payroll Register'!H10 -> 415.13 | G10: =ROUND(F10-E10,2) -> -0.01 | H10: =IF(COUNTIFS(A$2:A$247,A10,C$2:C$247,C10)>1,"DUPLICATE - REVIEW","OK") -> OK | I10: =IF(D10<>"Regular","Off-Cycle - See Register",IF(H10="DUPLICATE - REVIEW","Duplicate Payment",IF(ABS(G10)>0.01,"Gross Pay Discrepancy","Clear"))) -> Clear
A11: ='Payroll Register'!A11 -> E1008 | B11: ='Payroll Register'!B11 -> Employee 009 | C11: ='Payroll Register'!D11 -> 2026-06-01 to 2026-06-07 | D11: ='Payroll Register'!E11 -> Regular | E11: =ROUND('Payroll Register'!F11*'Payroll Register'!G11,2) -> 377.71 | F11: ='Payroll Register'!H11 -> 377.71 | G11: =ROUND(F11-E11,2) -> 0 | H11: =IF(COUNTIFS(A$2:A$247,A11,C$2:C$247,C11)>1,"DUPLICATE - REVIEW","OK") -> OK | I11: =IF(D11<>"Regular","Off-Cycle - See Register",IF(H11="DUPLICATE - REVIEW","Duplicate Payment",IF(ABS(G11)>0.01,"Gross Pay Discrepancy","Clear"))) -> Clear
A12: ='Payroll Register'!A12 -> E1009 | B12: ='Payroll Register'!B12 -> Employee 010 | C12: ='Payroll Register'!D12 -> 2026-06-01 to 2026-06-07 | D12: ='Payroll Register'!E12 -> Regular | E12: =ROUND('Payroll Register'!F12*'Payroll Register'!G12,2) -> 557.78 | F12: ='Payroll Register'!H12 -> 557.78 | G12: =ROUND(F12-E12,2) -> 0 | H12: =IF(COUNTIFS(A$2:A$247,A12,C$2:C$247,C12)>1,"DUPLICATE - REVIEW","OK") -> OK | I12: =IF(D12<>"Regular","Off-Cycle - See Register",IF(H12="DUPLICATE - REVIEW","Duplicate Payment",IF(ABS(G12)>0.01,"Gross Pay Discrepancy","Clear"))) -> Clear
A13: ='Payroll Register'!A13 -> E1010 | B13: ='Payroll Register'!B13 -> Employee 011 | C13: ='Payroll Register'!D13 -> 2026-06-01 to 2026-06-07 | D13: ='Payroll Register'!E13 -> Regular | E13: =ROUND('Payroll Register'!F13*'Payroll Register'!G13,2) -> 675.65 | F13: ='Payroll Register'!H13 -> 675.65 | G13: =ROUND(F13-E13,2) -> 0 | H13: =IF(COUNTIFS(A$2:A$247,A13,C$2:C$247,C13)>1,"DUPLICATE - REVIEW","OK") -> OK | I13: =IF(D13<>"Regular","Off-Cycle - See Register",IF(H13="DUPLICATE - REVIEW","Duplicate Payment",IF(ABS(G13)>0.01,"Gross Pay Discrepancy","Clear"))) -> Clear
... A247: ='Payroll Register'!A247 -> E1042 | B247: ='Payroll Register'!B247 -> Employee 042 | C247: ='Payroll Register'!D247 -> 2026-06-22 to 2026-06-28 | D247: ='Payroll Register'!E247 -> Off-Cycle - Overpayment Correction | E247: =ROUND('Payroll Register'!F247*'Payroll Register'!G247,2) -> 0 | F247: ='Payroll Register'!H247 -> -310 | G247: =ROUND(F247-E247,2) -> -310 | H247: =IF(COUNTIFS(A$2:A$247,A247,C$2:C$247,C247)>1,"DUPLICATE - REVIEW","OK") -> DUPLICATE - REVIEW | I247: =IF(D247<>"Regular","Off-Cycle - See Register",IF(H247="DUPLICATE - REVIEW","Duplicate Payment",IF(ABS(G247)>0.01,"Gross Pay Discrepancy","Clear"))) -> Off-Cycle - See Register

Sheet Weekly Audit Summary
A1: Weekly Audit Summary
A2: Live-formula rollup of the Audit & Reconciliation tab, by pay period and flag type.
A4: Audit Results by Pay Period
A5: Pay Period | B5: Total Records | C5: Clear | D5: Flagged | E5: Flag Rate (%)
A6: 2026-06-01 to 2026-06-07 | B6: =COUNTIF('Audit & Reconciliation'!C:C,A6) -> 63 | C6: =COUNTIFS('Audit & Reconciliation'!C:C,A6,'Audit & Reconciliation'!I:I,"Clear") -> 55 | D6: =B6-C6 -> 8 | E6: =ROUND(D6/B6*100,1) -> 12.7
A7: 2026-06-08 to 2026-06-14 | B7: =COUNTIF('Audit & Reconciliation'!C:C,A7) -> 61 | C7: =COUNTIFS('Audit & Reconciliation'!C:C,A7,'Audit & Reconciliation'!I:I,"Clear") -> 58 | D7: =B7-C7 -> 3 | E7: =ROUND(D7/B7*100,1) -> 4.9
A8: 2026-06-15 to 2026-06-21 | B8: =COUNTIF('Audit & Reconciliation'!C:C,A8) -> 61 | C8: =COUNTIFS('Audit & Reconciliation'!C:C,A8,'Audit & Reconciliation'!I:I,"Clear") -> 58 | D8: =B8-C8 -> 3 | E8: =ROUND(D8/B8*100,1) -> 4.9
A9: 2026-06-22 to 2026-06-28 | B9: =COUNTIF('Audit & Reconciliation'!C:C,A9) -> 61 | C9: =COUNTIFS('Audit & Reconciliation'!C:C,A9,'Audit & Reconciliation'!I:I,"Clear") -> 59 | D9: =B9-C9 -> 2 | E9: =ROUND(D9/B9*100,1) -> 3.3
A12: Flag Type Breakdown
A13: Audit Flag | B13: Count
A14: Clear | B14: =COUNTIF('Audit & Reconciliation'!I:I,A14) -> 230
A15: Duplicate Payment | B15: =COUNTIF('Audit & Reconciliation'!I:I,A15) -> 8
A16: Gross Pay Discrepancy | B16: =COUNTIF('Audit & Reconciliation'!I:I,A16) -> 4
A17: Off-Cycle - See Register | B17: =COUNTIF('Audit & Reconciliation'!I:I,A17) -> 4

Sheet Findings
A1: Audit Findings & Summary
A3: This week's audit reconciled recorded gross pay against hours worked x hourly rate for every regular payment, and cross-checked for duplicate employee/pay-period combinations.
A5: Duplicate payments: 2 instances were flagged where the same employee appears twice for the same pay period - the kind of error that, left uncaught, results in a real overpayment and requires a reversal or off-cycle correction. Both were caught by the duplicate-check formula rather than manual review.
A7: Gross pay discrepancies: 4 records showed a mismatch between recorded gross pay and the recalculated value (hours x rate), ranging from a $20 shortfall to a $62.50 overpayment. These are the kind of data-entry-level errors a weekly audit is meant to catch before they reach net pay.
A9: Off-cycle payments: 4 off-cycle records were included this period - one reversal, two overpayment corrections, and one duplicate employee merge - consistent with the kind of complex off-cycle processing described in a Payroll Analyst role. These are flagged separately in the audit rather than mixed in with regular-pay discrepancies, since they follow a different review process.
A11: Recommendation: of the 4 pay periods audited, flag rates were highest in weeks with multiple off-cycle entries, suggesting off-cycle processing periods may benefit from an extra reconciliation pass before the audit report goes out.
